node_number,edge_number,path_number,f1_score,f1_pair_score
15,30,54,0.8077900084674005,0.40890125173852565
